{
	"vertices": [0.2792760133743286,4.167647838592529,3.7805099487304688,0.013147000223398209,0.4123539924621582,0.13512900471687317,0.0003459999861661345,0.003926999866962433,-14.852066040039062,5.433052062988281,4.800299167633057,12.678088188171387,0.2792760133743286,4.167647838592529,3.7805099487304688,0.0003459999861661345,0.003926999866962433,-14.852066040039062,5.433052062988281,4.800299167633057,12.678088188171387,0.6214820146560669,5.8879008293151855,14.851812362670898,4.632741928100586,5.565997123718262,16.01886749267578,0.0003459999861661345,0.003926999866962433,14.851858139038086,0.6214820146560669,5.8879008293151855,14.851812362670898,0.0003459999861661345,0.003926999866962433,-14.852066040039062,0.6214820146560669,5.8879008293151855,14.851812362670898,5.433052062988281,4.800299167633057,12.678088188171387,0.0003459999861661345,0.003926999866962433,-14.852066040039062,-0.2785849869251251,4.15978479385376,3.7805099487304688,0.0003459999861661345,0.003926999866962433,-14.852066040039062,-0.012455999851226807,0.40449100732803345,0.13512900471687317,-5.432361125946045,4.792436122894287,12.678088188171387,0.0003459999861661345,0.003926999866962433,-14.852066040039062,-0.2785849869251251,4.15978479385376,3.7805099487304688,-5.432361125946045,4.792436122894287,12.678088188171387,-4.63205099105835,5.558134078979492,16.01886749267578,-0.6207910180091858,5.879405975341797,14.851812362670898,0.0003459999861661345,0.003926999866962433,14.851858139038086,0.0003459999861661345,0.003926999866962433,-14.852066040039062,-0.6207910180091858,5.879405975341797,14.851812362670898,-0.6207910180091858,5.879405975341797,14.851812362670898,0.0003459999861661345,0.003926999866962433,-14.852066040039062,-5.432361125946045,4.792436122894287,12.678088188171387],
	"uvs": [0.7501450181007385,0.2826420068740845,0.7893909811973572,0.9044439792633057,0.8998429775238037,0.43585699796676636,0.5375149846076965,0.14699800312519073,0.5767580270767212,0.9098860025405884,0.6874189972877502,0.40582600235939026,0.4461669921875,0.15253500640392303,0.3176169991493225,0.007164000067859888,0.4564349949359894,0.007147999946027994,0.06562600284814835,0.007590000052005053,0.22241899371147156,0.006870000157505274,0.17067599296569824,0.9039520025253296,0.3176169991493225,0.007164000067859888,0.4461669921875,0.15253500640392303,0.34286201000213623,0.9225649833679199,0.7501450181007385,0.2826420068740845,0.8998429775238037,0.43585699796676636,0.7893909811973572,0.9044439792633057,0.5375149846076965,0.14699800312519073,0.6874189972877502,0.40582600235939026,0.5767580270767212,0.9098860025405884,0.4461669921875,0.15253500640392303,0.4564349949359894,0.007147999946027994,0.3176169991493225,0.007164000067859888,0.06562600284814835,0.007590000052005053,0.17067599296569824,0.9039520025253296,0.22241899371147156,0.006870000157505274,0.3176169991493225,0.007164000067859888,0.34286201000213623,0.9225649833679199,0.4461669921875,0.15253500640392303],
	"normals": [-0.9974219799041748,0.07175599783658981,-0.001104000024497509,-0.9974219799041748,0.07175599783658981,-0.001104000024497509,-0.9974219799041748,0.07175599783658981,-0.001104000024497509,0.254611998796463,0.9429479837417603,-0.21452699601650238,0.254611998796463,0.9429479837417603,-0.21452699601650238,0.254611998796463,0.9429479837417603,-0.21452699601650238,0.13357999920845032,0.9724799990653992,-0.19088999927043915,0.13357999920845032,0.9724799990653992,-0.19088999927043915,0.13357999920845032,0.9724799990653992,-0.19088999927043915,-0.9944739937782288,0.10498099774122238,0,-0.9944739937782288,0.10498099774122238,0,-0.9944739937782288,0.10498099774122238,0,0.1314689964056015,0.9718980193138123,-0.19527000188827515,0.1314689964056015,0.9718980193138123,-0.19527000188827515,0.1314689964056015,0.9718980193138123,-0.19527000188827515,0.9974240064620972,0.07171899825334549,-0.0010649999603629112,0.9974240064620972,0.07171899825334549,-0.0010649999603629112,0.9974240064620972,0.07171899825334549,-0.0010649999603629112,-0.2539750039577484,0.9431999921798706,-0.2141759991645813,-0.2539750039577484,0.9431999921798706,-0.2141759991645813,-0.2539750039577484,0.9431999921798706,-0.2141759991645813,-0.13343800604343414,0.972491979598999,-0.19092600047588348,-0.13343900442123413,0.972491979598999,-0.19092600047588348,-0.13343800604343414,0.972491979598999,-0.19092600047588348,0.994458019733429,0.10513100028038025,0,0.994458019733429,0.10513100028038025,0,0.994458019733429,0.10513100028038025,0,-0.13147500157356262,0.9719510078430176,-0.19500300288200378,-0.13147500157356262,0.9719510078430176,-0.19500300288200378,-0.13147500157356262,0.9719510078430176,-0.19500300288200378]
}